date,user,url
2024-02-02,four,oksite
2024-02-03,five,oksite
2024-02-04,three,goog
2024-02-02,two,goog
2024-02-05,two,oksite
2024-02-04,five,ic
2024-02-02,two,onedrive
2024-02-03,three,oksite
2024-02-04,two,onedrive
2024-02-05,three,onedrive
2024-02-03,three,oksite
2024-02-04,three,onedrive
2024-02-04,three,goog
2024-02-02,four,goog
2024-02-04,three,onedrive
2024-02-04,five,goog
2024-02-03,five,oksite
2024-02-03,three,ic
2024-02-02,two,onedrive
2024-02-03,four,onedrive
2024-02-05,two,ic
2024-02-02,two,ic
2024-02-04,four,oksite
2024-02-04,three,onedrive
2024-02-05,three,goog
2024-02-04,four,ic
2024-02-03,two,goog
2024-02-03,two,oksite
2024-02-02,three,oksite
2024-02-03,four,goog
2024-02-05,five,ic
2024-02-01,one,onedrive
2024-02-03,five,goog
2024-02-02,five,ic
2024-02-05,five,oksite
2024-02-02,one,ic
2024-02-01,two,goog
2024-02-03,four,goog
2024-02-04,two,goog
2024-02-03,five,goog
2024-02-03,three,goog
2024-02-04,one,oksite
2024-02-05,three,onedrive
2024-02-05,five,goog
2024-02-05,four,ic
2024-02-02,four,onedrive
2024-02-03,four,oksite
2024-02-02,two,ic
2024-02-04,four,ic
2024-02-03,two,onedrive
2024-02-02,three,oksite
2024-02-03,three,ic
2024-02-04,four,goog
2024-02-02,five,goog
2024-02-02,one,ic
2024-02-05,four,goog
2024-02-03,one,oksite
2024-02-04,five,ic
2024-02-04,three,ic
2024-02-04,one,goog
2024-02-03,five,ic
2024-02-05,one,oksite
2024-02-03,one,oksite
2024-02-03,five,oksite
2024-02-05,two,ic
2024-02-05,two,oksite
2024-02-03,two,goog
2024-02-03,five,ic
2024-02-01,two,goog
2024-02-04,three,onedrive
2024-02-03,one,onedrive
2024-02-03,three,onedrive
2024-02-02,three,oksite
2024-02-02,three,ic
2024-02-01,five,oksite
2024-02-03,three,goog
2024-02-05,two,goog
2024-02-03,five,oksite
2024-02-05,four,oksite
2024-02-04,four,goog
2024-02-03,three,ic
2024-02-03,three,onedrive
2024-02-01,two,oksite
2024-02-02,one,ic
2024-02-03,two,ic
2024-02-03,five,ic
2024-02-04,five,oksite
2024-02-03,three,goog
2024-02-03,two,oksite
2024-02-02,two,oksite
2024-02-03,one,onedrive
2024-02-03,one,onedrive
2024-02-02,four,oksite
2024-02-03,three,onedrive
2024-02-03,three,goog
2024-02-05,two,onedrive
2024-02-03,two,ic
2024-02-03,three,oksite
2024-02-03,three,ic
2024-02-02,five,onedrive
